slug,name,status,platform,price_label,price,price_note,cta_text,stripe_price_id,success_url,cancel_url,store_serp_co_product_page_url,apps_serp_co_product_page_url,serply_link,categories,keywords
123movies-downloader,123movies Downloader,draft,123movies,One-time payment,$17.00,,Get it Now,price_1S99wh06JrOmKRCmkF8J8XUh,https://apps.serp.co/checkout/success?session_id={CHECKOUT_SESSION_ID},https://apps.serp.co/checkout?product=123movies-downloader,https://store.serp.co/product-details/product/123movies-downloader,https://apps.serp.co/123movies-downloader,https://serp.ly/123movies-downloader,Downloader;Movies & TV,123movies downloader
123rf-downloader,123rf Downloader,draft,123rf,One-time payment,$17.00,,Get it Now,price_1S99wh06JrOmKRCmViWhNpBg,https://store.serp.co/product-details/product/123rf-downloader?checkout=success,https://store.serp.co/product-details/product/123rf-downloader,https://store.serp.co/product-details/product/123rf-downloader,https://apps.serp.co/123rf-downloader,https://serp.ly/123rf-downloader,Downloader;Creative Assets;Image Hosting,123rf downloader
adobe-stock-downloader,Adobe Stock Downloader,draft,Adobe,One-time payment,$17.00,,Get it Now,price_1S99wh06JrOmKRCm9efFxcwZ,https://store.serp.co/product-details/product/adobe-stock-downloader?checkout=success,https://store.serp.co/product-details/product/adobe-stock-downloader,https://store.serp.co/product-details/product/adobe-stock-downloader,https://apps.serp.co/adobe-stock-downloader,https://serp.ly/adobe-stock-downloader,Downloader;Creative Assets,adobe stock downloader
ai-voice-cloner-app,AI Voice Cloner App,draft,AI,One-time payment,$17.00,,Get it Now,price_1S99fd06JrOmKRCmxtuDhI3T,https://apps.serp.co/checkout/success?session_id={CHECKOUT_SESSION_ID},https://apps.serp.co/checkout?product=ai-voice-cloner-app,https://store.serp.co/product-details/product/ai-voice-cloner-app,https://apps.serp.co/ai-voice-cloner-app,https://serp.ly/ai-voice-cloner-app,Artificial Intelligence,ai voice cloner app
alamy-downloader,Alamy Downloader,draft,Alamy,One-time payment,$17.00,,Get it Now,price_1S99wi06JrOmKRCmJJfdiHTB,https://store.serp.co/product-details/product/alamy-downloader?checkout=success,https://store.serp.co/product-details/product/alamy-downloader,https://store.serp.co/product-details/product/alamy-downloader,https://apps.serp.co/alamy-downloader,https://serp.ly/alamy-downloader,Downloader;Creative Assets,alamy downloader
alpha-porno-video-downloader,Alpha Porno Video Downloader,draft,Alpha Porno,One-time payment,$17.00,,Get it Now,price_1SELi806JrOmKRCmYjc9McRN,https://store.serp.co/product-details/product/alpha-porno-downloader?checkout=success,https://store.serp.co/product-details/product/alpha-porno-downloader,https://store.serp.co/product-details/product/alpha-porno-video-downloader,https://apps.serp.co/alpha-porno-video-downloader,https://serp.ly/alpha-porno-downloader,Downloader;Adult,alpha porno video downloader
amazon-video-downloader,Amazon Video Downloader,draft,Amazon,One-time payment,$1.00,,Get it Now,price_1S99wi06JrOmKRCmRppaSLjK,https://apps.serp.co/checkout/success?session_id={CHECKOUT_SESSION_ID},https://apps.serp.co/checkout?product=amazon-video-downloader,https://store.serp.co/product-details/product/amazon-video-downloader,https://apps.serp.co/amazon-video-downloader,https://serp.ly/amazon-video-downloader,Downloader;Movies & TV,amazon video downloader
beeg-video-downloader,Beeg Video Downloader,draft,Beeg,One-time payment,$17.00,,Get it Now,price_1RvXEr06JrOmKRCmJZDJjALY,https://store.serp.co/product-details/product/beeg-video-downloader?checkout=success,https://store.serp.co/product-details/product/beeg-video-downloader,https://store.serp.co/product-details/product/beeg-video-downloader,https://apps.serp.co/beeg-video-downloader,https://serp.ly/beeg-video-downloader,Downloader;Adult,beeg video downloader
bilibili-downloader,Bilibili Downloader,draft,Bilibili,One-time payment,$17.00,,Get it Now,price_1S99wj06JrOmKRCmXQNer2ho,https://store.serp.co/product-details/product/bilibili-downloader?checkout=success,https://store.serp.co/product-details/product/bilibili-downloader,https://store.serp.co/product-details/product/bilibili-downloader,https://apps.serp.co/bilibili-downloader,https://serp.ly/bilibili-downloader,Downloader;Social Media,bilibili downloader
bongacams-downloader,Bongacams Downloader,draft,Bongacams,One-time payment,$17.00,,Get it Now,price_1S99wj06JrOmKRCmIzTdkBGx,https://store.serp.co/product-details/product/bongacams-downloader?checkout=success,https://store.serp.co/product-details/product/bongacams-downloader,https://store.serp.co/product-details/product/bongacams-downloader,https://apps.serp.co/bongacams-downloader,https://serp.ly/bongacams-downloader,Downloader;Adult;Livestream,bongacams downloader
camsoda-downloader,Camsoda Downloader,draft,Camsoda,One-time payment,$17.00,,Get it Now,price_1S99wk06JrOmKRCm2XTuWuu0,https://store.serp.co/product-details/product/camsoda-downloader?checkout=success,https://store.serp.co/product-details/product/camsoda-downloader,https://store.serp.co/product-details/product/camsoda-downloader,https://apps.serp.co/camsoda-downloader,https://serp.ly/camsoda-downloader,Downloader;Adult;Livestream,camsoda downloader
canva-downloader,Canva Downloader,draft,Canva,One-time payment,$17.00,,Get it Now,price_1S99wk06JrOmKRCmiqfoFkqm,https://apps.serp.co/checkout/success?session_id={CHECKOUT_SESSION_ID},https://apps.serp.co/checkout?product=canva-downloader,https://store.serp.co/product-details/product/canva-downloader,https://apps.serp.co/canva-downloader,https://serp.ly/canva-downloader,Downloader;Creative Assets,canva downloader
chaturbate-downloader,Chaturbate Downloader,draft,Chaturbate,One-time payment,$17.00,,Get it Now,price_1S99wl06JrOmKRCmpsVjKERK,https://store.serp.co/product-details/product/chaturbate-downloader?checkout=success,https://store.serp.co/product-details/product/chaturbate-downloader,https://store.serp.co/product-details/product/chaturbate-downloader,https://apps.serp.co/chaturbate-downloader,https://serp.ly/chaturbate-downloader,Downloader;Adult;Livestream,chaturbate downloader
circle-downloader,Circle Downloader,draft,Circle,One-time payment,$17.00,,Get it Now,price_1S99wl06JrOmKRCmy32X7AjP,https://apps.serp.co/checkout/success?session_id={CHECKOUT_SESSION_ID},https://apps.serp.co/checkout?product=circle-downloader,https://store.serp.co/product-details/product/circle-downloader,https://apps.serp.co/circle-downloader,https://serp.ly/circle-downloader,Downloader;Social Media,circle downloader
clientclub-downloader,Clientclub Downloader,draft,Clientclub,One-time payment,$17.00,,Get it Now,price_1S99wm06JrOmKRCmaau6Xiqv,https://apps.serp.co/checkout/success?session_id={CHECKOUT_SESSION_ID},https://apps.serp.co/checkout?product=clientclub-downloader,https://store.serp.co/product-details/product/clientclub-downloader,https://apps.serp.co/clientclub-downloader,https://serp.ly/clientclub-downloader,Downloader;Course Platforms,clientclub downloader
coursera-downloader,Coursera Downloader,draft,Coursera,One-time payment,$17.00,,Get it Now,price_1S99wn06JrOmKRCmwkYTxZBx,https://apps.serp.co/checkout/success?session_id={CHECKOUT_SESSION_ID},https://apps.serp.co/checkout?product=coursera-downloader,https://store.serp.co/product-details/product/coursera-downloader,https://apps.serp.co/coursera-downloader,https://serp.ly/coursera-downloader,Downloader;Course Platforms,coursera downloader
dailymotion-downloader,Dailymotion Downloader,draft,Dailymotion,One-time payment,$17.00,,Get it Now,price_1S99wo06JrOmKRCmtEGHbI2T,https://apps.serp.co/checkout/success?session_id={CHECKOUT_SESSION_ID},https://apps.serp.co/checkout?product=dailymotion-downloader,https://store.serp.co/product-details/product/dailymotion-downloader,https://apps.serp.co/dailymotion-downloader,https://serp.ly/dailymotion-downloader,Downloader;Social Media,dailymotion downloader
depositphotos-downloader,Depositphotos Downloader,draft,Depositphotos,One-time payment,$17.00,,Get it Now,price_1S99wo06JrOmKRCmO7Fe7LYG,https://apps.serp.co/checkout/success?session_id={CHECKOUT_SESSION_ID},https://apps.serp.co/checkout?product=depositphotos-downloader,https://store.serp.co/product-details/product/depositphotos-downloader,https://apps.serp.co/depositphotos-downloader,https://serp.ly/depositphotos-downloader,Downloader;Creative Assets,depositphotos downloader
deviantart-downloader,Deviantart Downloader,draft,Deviantart,One-time payment,$17.00,,Get it Now,price_1S99wp06JrOmKRCmxPZvi7YP,https://apps.serp.co/checkout/success?session_id={CHECKOUT_SESSION_ID},https://apps.serp.co/checkout?product=deviantart-downloader,https://store.serp.co/product-details/product/deviantart-downloader,https://apps.serp.co/deviantart-downloader,https://serp.ly/deviantart-downloader,Downloader;Creative Assets;Image Hosting,deviantart downloader
dreamstime-downloader,Dreamstime Downloader,draft,Dreamstime,One-time payment,$17.00,,Get it Now,price_1S99wq06JrOmKRCmT1rrKjcd,https://apps.serp.co/checkout/success?session_id={CHECKOUT_SESSION_ID},https://apps.serp.co/checkout?product=dreamstime-downloader,https://store.serp.co/product-details/product/dreamstime-downloader,https://apps.serp.co/dreamstime-downloader,https://serp.ly/dreamstime-downloader,Downloader;Creative Assets,dreamstime downloader
eporner-video-downloader,Eporner Video Downloader,draft,Eporner,One-time payment,$17.00,,Get it Now,price_1RvXID06JrOmKRCmdSqQK07c,https://store.serp.co/product-details/product/eporner-video-downloader?checkout=success,https://store.serp.co/product-details/product/eporner-video-downloader,https://store.serp.co/product-details/product/eporner-video-downloader,https://apps.serp.co/eporner-video-downloader,https://serp.ly/eporner-video-downloader,Downloader;Adult,eporner video downloader
erome-downloader,Erome Downloader,draft,Erome,One-time payment,$17.00,,Get it Now,price_1S99wr06JrOmKRCmnjJiTjYy,https://apps.serp.co/checkout/success?session_id={CHECKOUT_SESSION_ID},https://apps.serp.co/checkout?product=erome-downloader,https://store.serp.co/product-details/product/erome-downloader,https://apps.serp.co/erome-downloader,https://serp.ly/erome-downloader,Downloader;Adult,erome downloader
erothots-downloader,Erothots Downloader,draft,Erothots,One-time payment,$17.00,,Get it Now,price_1S99wr06JrOmKRCmb9rOFCbT,https://apps.serp.co/checkout/success?session_id={CHECKOUT_SESSION_ID},https://apps.serp.co/checkout?product=erothots-downloader,https://store.serp.co/product-details/product/erothots-downloader,https://apps.serp.co/erothots-downloader,https://serp.ly/erothots-downloader,Downloader;Adult;Social Media,erothots downloader
facebook-video-downloader,Facebook Video Downloader,draft,Facebook,One-time payment,$17.00,,Get it Now,price_1S99wr06JrOmKRCmnHmBidFY,https://apps.serp.co/checkout/success?session_id={CHECKOUT_SESSION_ID},https://apps.serp.co/checkout?product=facebook-video-downloader,https://store.serp.co/product-details/product/facebook-video-downloader,https://apps.serp.co/facebook-video-downloader,https://serp.ly/facebook-video-downloader,Downloader;Social Media,facebook video downloader
flickr-downloader,Flickr Downloader,draft,Flickr,One-time payment,$17.00,,Get it Now,price_1S99ws06JrOmKRCmFvK8ceNO,https://apps.serp.co/checkout/success?session_id={CHECKOUT_SESSION_ID},https://apps.serp.co/checkout?product=flickr-downloader,https://store.serp.co/product-details/product/flickr-downloader,https://apps.serp.co/flickr-downloader,https://serp.ly/flickr-downloader,Downloader;Creative Assets;Image Hosting,flickr downloader
freepik-downloader,Freepik Downloader,draft,Freepik,One-time payment,$17.00,,Get it Now,price_1S99wt06JrOmKRCmUbw42qU9,https://apps.serp.co/checkout/success?session_id={CHECKOUT_SESSION_ID},https://apps.serp.co/checkout?product=freepik-downloader,https://store.serp.co/product-details/product/freepik-downloader,https://apps.serp.co/freepik-downloader,https://serp.ly/freepik-downloader,Downloader;Creative Assets,freepik downloader
getty-images-downloader,Getty Images Downloader,draft,Getty,One-time payment,$17.00,,Get it Now,price_1S99wt06JrOmKRCmxzY3jKYL,https://apps.serp.co/checkout/success?session_id={CHECKOUT_SESSION_ID},https://apps.serp.co/checkout?product=getty-images-downloader,https://store.serp.co/product-details/product/getty-images-downloader,https://apps.serp.co/getty-images-downloader,https://serp.ly/getty-images-downloader,Downloader;Creative Assets,getty images downloader
giphy-downloader,Giphy Downloader,draft,Giphy,One-time payment,$17.00,,Get it Now,price_1S99wu06JrOmKRCmq1ANhFue,https://apps.serp.co/checkout/success?session_id={CHECKOUT_SESSION_ID},https://apps.serp.co/checkout?product=giphy-downloader,https://store.serp.co/product-details/product/giphy-downloader,https://apps.serp.co/giphy-downloader,https://serp.ly/giphy-downloader,Downloader;Creative Assets;Image Hosting,giphy downloader
gohighlevel-downloader,Gohighlevel Downloader,draft,Gohighlevel,One-time payment,$17.00,,Get it Now,price_1S99wu06JrOmKRCmfKo5Bl2z,https://apps.serp.co/checkout/success?session_id={CHECKOUT_SESSION_ID},https://apps.serp.co/checkout?product=gohighlevel-downloader,https://store.serp.co/product-details/product/gohighlevel-downloader,https://apps.serp.co/gohighlevel-downloader,https://serp.ly/gohighlevel-downloader,Downloader;Course Platforms,gohighlevel downloader
gokollab-downloader,Gokollab Downloader,draft,Gokollab,One-time payment,$17.00,,Get it Now,price_1S99wv06JrOmKRCmyCPZfee1,https://apps.serp.co/checkout/success?session_id={CHECKOUT_SESSION_ID},https://apps.serp.co/checkout?product=gokollab-downloader,https://store.serp.co/product-details/product/gokollab-downloader,https://apps.serp.co/gokollab-downloader,https://serp.ly/gokollab-downloader,Downloader;Course Platforms,gokollab downloader
hulu-downloader,Hulu Downloader,draft,Hulu,One-time payment,$17.00,,Get it Now,price_1S99wv06JrOmKRCmOtYb8mCE,https://apps.serp.co/checkout/success?session_id={CHECKOUT_SESSION_ID},https://apps.serp.co/checkout?product=hulu-downloader,https://store.serp.co/product-details/product/hulu-downloader,https://apps.serp.co/hulu-downloader,https://serp.ly/hulu-downloader,Downloader;Movies & TV,hulu downloader
instagram-downloader,Instagram Downloader,draft,Instagram,One-time payment,$17.00,,Get it Now,price_1S99wv06JrOmKRCm5BKNZ3Kj,https://apps.serp.co/checkout/success?session_id={CHECKOUT_SESSION_ID},https://apps.serp.co/checkout?product=instagram-downloader,https://store.serp.co/product-details/product/instagram-downloader,https://apps.serp.co/instagram-downloader,https://serp.ly/instagram-downloader,Downloader;Social Media,instagram downloader
internet-archive-downloader,Internet Archive Downloader,draft,Internet,One-time payment,$17.00,,Get it Now,price_1S99ww06JrOmKRCmOPtNc4AC,https://apps.serp.co/checkout/success?session_id={CHECKOUT_SESSION_ID},https://apps.serp.co/checkout?product=internet-archive-downloader,https://store.serp.co/product-details/product/internet-archive-downloader,https://apps.serp.co/internet-archive-downloader,https://serp.ly/internet-archive-downloader,Downloader;Creative Assets,internet archive downloader
istock-downloader,Istock Downloader,draft,Istock,One-time payment,$17.00,,Get it Now,price_1S99ww06JrOmKRCmNqJ9zTSr,https://apps.serp.co/checkout/success?session_id={CHECKOUT_SESSION_ID},https://apps.serp.co/checkout?product=istock-downloader,https://store.serp.co/product-details/product/istock-downloader,https://apps.serp.co/istock-downloader,https://serp.ly/istock-downloader,Downloader;Creative Assets,istock downloader
kajabi-video-downloader,Kajabi Video Downloader,draft,Kajabi,One-time payment,$17.00,,Get it Now,price_1S99wx06JrOmKRCmFaiTWpCK,https://apps.serp.co/checkout/success?session_id={CHECKOUT_SESSION_ID},https://apps.serp.co/checkout?product=kajabi-video-downloader,https://store.serp.co/product-details/product/kajabi-video-downloader,https://apps.serp.co/kajabi-video-downloader,https://serp.ly/kajabi-video-downloader,Downloader;Course Platforms,kajabi video downloader
khan-academy-downloader,Khan Academy Downloader,draft,Khan,One-time payment,$17.00,,Get it Now,price_1S99wx06JrOmKRCmqkFPnN9s,https://apps.serp.co/checkout/success?session_id={CHECKOUT_SESSION_ID},https://apps.serp.co/checkout?product=khan-academy-downloader,https://store.serp.co/product-details/product/khan-academy-downloader,https://apps.serp.co/khan-academy-downloader,https://serp.ly/khan-academy-downloader,Downloader;Course Platforms,khan academy downloader
kick-clip-downloader,Kick Clip Downloader,draft,Kick,One-time payment,$17.00,,Get it Now,price_1S99wx06JrOmKRCmTvX5yYRV,https://apps.serp.co/checkout/success?session_id={CHECKOUT_SESSION_ID},https://apps.serp.co/checkout?product=kick-clip-downloader,https://store.serp.co/product-details/product/kick-clip-downloader,https://apps.serp.co/kick-clip-downloader,https://serp.ly/kick-clip-downloader,Downloader;Livestream;Social Media,kick clip downloader
learndash-downloader,Learndash Downloader,draft,Learndash,One-time payment,$17.00,,Get it Now,price_1S99wy06JrOmKRCmGHe9PqqC,https://apps.serp.co/checkout/success?session_id={CHECKOUT_SESSION_ID},https://apps.serp.co/checkout?product=learndash-downloader,https://store.serp.co/product-details/product/learndash-downloader,https://apps.serp.co/learndash-downloader,https://serp.ly/learndash-downloader,Downloader;Course Platforms,learndash downloader
learnworlds-downloader,Learnworlds Downloader,draft,Learnworlds,One-time payment,$17.00,,Get it Now,price_1S99wz06JrOmKRCmFCzqKyrO,https://apps.serp.co/checkout/success?session_id={CHECKOUT_SESSION_ID},https://apps.serp.co/checkout?product=learnworlds-downloader,https://store.serp.co/product-details/product/learnworlds-downloader,https://apps.serp.co/learnworlds-downloader,https://serp.ly/learnworlds-downloader,Downloader;Course Platforms,learnworlds downloader
linkedin-learning-downloader,Linkedin Learning Downloader,draft,Linkedin,One-time payment,$17.00,,Get it Now,price_1S99fw06JrOmKRCm59JPeRdR,https://apps.serp.co/checkout/success?session_id={CHECKOUT_SESSION_ID},https://apps.serp.co/checkout?product=linkedin-learning-downloader,https://store.serp.co/product-details/product/linkedin-learning-downloader,https://apps.serp.co/linkedin-learning-downloader,https://serp.ly/linkedin-learning-downloader,Downloader;Course Platforms,linkedin learning downloader
livejasmin-downloader,Livejasmin Downloader,draft,Livejasmin,One-time payment,$17.00,,Get it Now,price_1S99fx06JrOmKRCmMixxSD1b,https://apps.serp.co/checkout/success?session_id={CHECKOUT_SESSION_ID},https://apps.serp.co/checkout?product=livejasmin-downloader,https://store.serp.co/product-details/product/livejasmin-downloader,https://apps.serp.co/livejasmin-downloader,https://serp.ly/livejasmin-downloader,Downloader;Adult;Livestream,livejasmin downloader
loom-video-downloader,Loom Video Downloader,live,Loom,,$17.00,,,price_1S9BFJ06JrOmKRCmdpVOP8Em,https://apps.serp.co/checkout/success?session_id={CHECKOUT_SESSION_ID},https://apps.serp.co/checkout?product=loom-video-downloader,https://store.serp.co/product-details/product/loom-video-downloader,https://apps.serp.co/loom-video-downloader,https://serp.ly/loom-video-downloader,Downloader,loom video downloader;download loom videos;loom offline access
m3u8-downloader,M3u8 Downloader,draft,M3u8,One-time payment,$17.00,,Get it Now,price_1S99fx06JrOmKRCm2ECdO0oK,https://apps.serp.co/checkout/success?session_id={CHECKOUT_SESSION_ID},https://apps.serp.co/checkout?product=m3u8-downloader,https://store.serp.co/product-details/product/m3u8-downloader,https://apps.serp.co/m3u8-downloader,https://serp.ly/m3u8-downloader,Downloader,m3u8 downloader
moodle-downloader,Moodle Downloader,draft,Moodle,One-time payment,$17.00,,Get it Now,price_1S99fx06JrOmKRCmleYZfn4W,https://apps.serp.co/checkout/success?session_id={CHECKOUT_SESSION_ID},https://apps.serp.co/checkout?product=moodle-downloader,https://store.serp.co/product-details/product/moodle-downloader,https://apps.serp.co/moodle-downloader,https://serp.ly/moodle-downloader,Downloader;Course Platforms,moodle downloader
myfreecams-downloader,Myfreecams Downloader,draft,Myfreecams,One-time payment,$17.00,,Get it Now,price_1S99fy06JrOmKRCm9EKbadyO,https://apps.serp.co/checkout/success?session_id={CHECKOUT_SESSION_ID},https://apps.serp.co/checkout?product=myfreecams-downloader,https://store.serp.co/product-details/product/myfreecams-downloader,https://apps.serp.co/myfreecams-downloader,https://serp.ly/myfreecams-downloader,Downloader;Adult;Livestream,myfreecams downloader
netflix-downloader,Netflix Downloader,draft,Netflix,One-time payment,$17.00,,Get it Now,price_1S99fy06JrOmKRCmPkVYWIwk,https://apps.serp.co/checkout/success?session_id={CHECKOUT_SESSION_ID},https://apps.serp.co/checkout?product=netflix-downloader,https://store.serp.co/product-details/product/netflix-downloader,https://apps.serp.co/netflix-downloader,https://serp.ly/netflix-downloader,Downloader;Movies & TV,netflix downloader
nicovideo-downloader,Nicovideo Downloader,draft,Nicovideo,One-time payment,$17.00,,Get it Now,price_1S99fz06JrOmKRCmxFh2vLWI,https://apps.serp.co/checkout/success?session_id={CHECKOUT_SESSION_ID},https://apps.serp.co/checkout?product=nicovideo-downloader,https://store.serp.co/product-details/product/nicovideo-downloader,https://apps.serp.co/nicovideo-downloader,https://serp.ly/nicovideo-downloader,Downloader;Social Media,nicovideo downloader
onlyfans-downloader,Onlyfans Downloader,draft,Onlyfans,One-time payment,$17.00,,Get it Now,price_1S99fz06JrOmKRCmwpZifMkf,https://apps.serp.co/checkout/success?session_id={CHECKOUT_SESSION_ID},https://apps.serp.co/checkout?product=onlyfans-downloader,https://store.serp.co/product-details/product/onlyfans-downloader,https://apps.serp.co/onlyfans-downloader,https://serp.ly/onlyfans-downloader,Downloader;Adult;Social Media,onlyfans downloader
patreon-downloader,Patreon Downloader,draft,Patreon,One-time payment,$17.00,,Get it Now,price_1S99g006JrOmKRCmQ5WBiQuN,https://apps.serp.co/checkout/success?session_id={CHECKOUT_SESSION_ID},https://apps.serp.co/checkout?product=patreon-downloader,https://store.serp.co/product-details/product/patreon-downloader,https://apps.serp.co/patreon-downloader,https://serp.ly/patreon-downloader,Downloader;Social Media,patreon downloader
pdf-downloader,Pdf Downloader,draft,Pdf,One-time payment,$17.00,,Get it Now,price_1S99g006JrOmKRCmVzelEW6H,https://apps.serp.co/checkout/success?session_id={CHECKOUT_SESSION_ID},https://apps.serp.co/checkout?product=pdf-downloader,https://store.serp.co/product-details/product/pdf-downloader,https://apps.serp.co/pdf-downloader,https://serp.ly/pdf-downloader,Downloader,pdf downloader
pexels-video-downloader,Pexels Video Downloader,draft,Pexels,One-time payment,$17.00,,Get it Now,price_1S99g106JrOmKRCmnvLb6LoL,https://apps.serp.co/checkout/success?session_id={CHECKOUT_SESSION_ID},https://apps.serp.co/checkout?product=pexels-video-downloader,https://store.serp.co/product-details/product/pexels-video-downloader,https://apps.serp.co/pexels-video-downloader,https://serp.ly/pexels-video-downloader,Downloader;Creative Assets;Image Hosting,pexels video downloader
pinterest-downloader,Pinterest Downloader,draft,Pinterest,One-time payment,$17.00,,Get it Now,price_1S99g106JrOmKRCmu5wfxl1Y,https://apps.serp.co/checkout/success?session_id={CHECKOUT_SESSION_ID},https://apps.serp.co/checkout?product=pinterest-downloader,https://store.serp.co/product-details/product/pinterest-downloader,https://apps.serp.co/pinterest-downloader,https://serp.ly/pinterest-downloader,Downloader;Image Hosting;Social Media,pinterest downloader
pixabay-downloader,Pixabay Downloader,draft,Pixabay,One-time payment,$17.00,,Get it Now,price_1S99g106JrOmKRCmhuWBP77A,https://apps.serp.co/checkout/success?session_id={CHECKOUT_SESSION_ID},https://apps.serp.co/checkout?product=pixabay-downloader,https://store.serp.co/product-details/product/pixabay-downloader,https://apps.serp.co/pixabay-downloader,https://serp.ly/pixabay-downloader,Downloader;Creative Assets;Image Hosting,pixabay downloader
podia-downloader,Podia Downloader,draft,Podia,One-time payment,$17.00,,Get it Now,price_1S99g206JrOmKRCmS5hDrXoG,https://apps.serp.co/checkout/success?session_id={CHECKOUT_SESSION_ID},https://apps.serp.co/checkout?product=podia-downloader,https://store.serp.co/product-details/product/podia-downloader,https://apps.serp.co/podia-downloader,https://serp.ly/podia-downloader,Downloader;Course Platforms,podia downloader
pornhub-video-downloader,Pornhub Video Downloader,draft,Pornhub,One-time payment,$17.00,,Get it Now,price_1RvXN806JrOmKRCmg1bHRufg,https://apps.serp.co/checkout/success?session_id={CHECKOUT_SESSION_ID},https://apps.serp.co/checkout?product=pornhub-video-downloader,https://store.serp.co/product-details/product/pornhub-video-downloader,https://apps.serp.co/pornhub-video-downloader,https://serp.ly/pornhub-video-downloader,Downloader;Adult,pornhub video downloader
rawpixel-downloader,Rawpixel Downloader,draft,Rawpixel,One-time payment,$17.00,,Get it Now,price_1S99g206JrOmKRCm0DpSeCzS,https://apps.serp.co/checkout/success?session_id={CHECKOUT_SESSION_ID},https://apps.serp.co/checkout?product=rawpixel-downloader,https://store.serp.co/product-details/product/rawpixel-downloader,https://apps.serp.co/rawpixel-downloader,https://serp.ly/rawpixel-downloader,Downloader;Creative Assets,rawpixel downloader
redgifs-downloader,Redgifs Downloader,draft,Redgifs,One-time payment,$17.00,,Get it Now,price_1S99g306JrOmKRCmP9M8EStc,https://store.serp.co/product-details/product/redgifs-downloader?checkout=success,https://store.serp.co/product-details/product/redgifs-downloader,https://store.serp.co/product-details/product/redgifs-downloader,https://apps.serp.co/redgifs-downloader,https://serp.ly/redgifs-downloader,Downloader;Adult;Image Hosting,redgifs downloader
redtube-video-downloader,Redtube Video Downloader,draft,Redtube,One-time payment,$17.00,,Get it Now,price_1S99g406JrOmKRCmqPgLx00x,https://store.serp.co/product-details/product/redtube-video-downloader?checkout=success,https://store.serp.co/product-details/product/redtube-video-downloader,https://store.serp.co/product-details/product/redtube-video-downloader,https://apps.serp.co/redtube-video-downloader,https://serp.ly/redtube-video-downloader,Downloader;Adult,redtube video downloader
scribd-downloader,Scribd Downloader,draft,Scribd,One-time payment,$17.00,,Get it Now,price_1S99g406JrOmKRCm3s3fJ3xy,https://apps.serp.co/checkout/success?session_id={CHECKOUT_SESSION_ID},https://apps.serp.co/checkout?product=scribd-downloader,https://store.serp.co/product-details/product/scribd-downloader,https://apps.serp.co/scribd-downloader,https://serp.ly/scribd-downloader,Downloader;Creative Assets,scribd downloader
shutterstock-downloader,Shutterstock Downloader,draft,Shutterstock,One-time payment,$17.00,,Get it Now,price_1S99g606JrOmKRCmsWNWNrdh,https://apps.serp.co/checkout/success?session_id={CHECKOUT_SESSION_ID},https://apps.serp.co/checkout?product=shutterstock-downloader,https://store.serp.co/product-details/product/shutterstock-downloader,https://apps.serp.co/shutterstock-downloader,https://serp.ly/shutterstock-downloader,Downloader;Creative Assets,shutterstock downloader
skillshare-downloader,Skillshare Downloader,draft,Skillshare,One-time payment,$17.00,,Get it Now,price_1S99g706JrOmKRCmWGVr96N6,https://apps.serp.co/checkout/success?session_id={CHECKOUT_SESSION_ID},https://apps.serp.co/checkout?product=skillshare-downloader,https://store.serp.co/product-details/product/skillshare-downloader,https://apps.serp.co/skillshare-downloader,https://serp.ly/skillshare-downloader,Downloader;Course Platforms,skillshare downloader
skool-video-downloader,Skool Video Downloader,live,Skool,,$27.00,,,price_1S9BFU06JrOmKRCmMYncsgKb,https://apps.serp.co/checkout/success?session_id={CHECKOUT_SESSION_ID},https://apps.serp.co/checkout?product=skool-video-downloader,https://store.serp.co/product-details/product/skool-video-downloader,https://apps.serp.co/skool-video-downloader,https://serp.ly/skool-video-downloader,Downloader;Course Platforms,skool video downloader;download skool videos;skool classroom backup
snapchat-video-downloader,Snapchat Video Downloader,draft,Snapchat,One-time payment,$17.00,,Get it Now,price_1S99g706JrOmKRCmt9pwi3AH,https://apps.serp.co/checkout/success?session_id={CHECKOUT_SESSION_ID},https://apps.serp.co/checkout?product=snapchat-video-downloader,https://store.serp.co/product-details/product/snapchat-video-downloader,https://apps.serp.co/snapchat-video-downloader,https://serp.ly/snapchat-video-downloader,Downloader;Social Media,snapchat video downloader
soundcloud-downloader,Soundcloud Downloader,draft,Soundcloud,One-time payment,$17.00,,Get it Now,price_1S99g806JrOmKRCmTl8grSWH,https://apps.serp.co/checkout/success?session_id={CHECKOUT_SESSION_ID},https://apps.serp.co/checkout?product=soundcloud-downloader,https://store.serp.co/product-details/product/soundcloud-downloader,https://apps.serp.co/soundcloud-downloader,https://serp.ly/soundcloud-downloader,Downloader;Social Media,soundcloud downloader
soundgasm-downloader,Soundgasm Downloader,draft,Soundgasm,One-time payment,$17.00,,Get it Now,price_1S99g806JrOmKRCmB103AZJL,https://apps.serp.co/checkout/success?session_id={CHECKOUT_SESSION_ID},https://apps.serp.co/checkout?product=soundgasm-downloader,https://store.serp.co/product-details/product/soundgasm-downloader,https://apps.serp.co/soundgasm-downloader,https://serp.ly/soundgasm-downloader,Downloader;Adult,soundgasm downloader
spankbang-video-downloader,SpankBang Video Downloader,draft,SpankBang,One-time payment,$17.00,,Get it Now,price_1S9DXF06JrOmKRCmrbemGM9U,https://store.serp.co/product-details/product/spankbang-video-downloader?checkout=success,https://store.serp.co/product-details/product/spankbang-video-downloader,https://store.serp.co/product-details/product/spankbang-video-downloader,https://apps.serp.co/spankbang-video-downloader,https://serp.ly/spankbang-video-downloader,Downloader;Adult,spankbang video downloader
sprout-video-downloader,Sprout Video Downloader,draft,Sprout,One-time payment,$17.00,,Get it Now,price_1S99g906JrOmKRCmqpFh4LYc,https://apps.serp.co/checkout/success?session_id={CHECKOUT_SESSION_ID},https://apps.serp.co/checkout?product=sprout-video-downloader,https://store.serp.co/product-details/product/sprout-video-downloader,https://apps.serp.co/sprout-video-downloader,https://serp.ly/sprout-video-downloader,Downloader,sprout video downloader
stocksy-downloader,Stocksy Downloader,draft,Stocksy,One-time payment,$17.00,,Get it Now,price_1S99g906JrOmKRCmaZzHAMEw,https://apps.serp.co/checkout/success?session_id={CHECKOUT_SESSION_ID},https://apps.serp.co/checkout?product=stocksy-downloader,https://store.serp.co/product-details/product/stocksy-downloader,https://apps.serp.co/stocksy-downloader,https://serp.ly/stocksy-downloader,Downloader;Creative Assets,stocksy downloader
stockvault-downloader,Stockvault Downloader,draft,Stockvault,One-time payment,$17.00,,Get it Now,price_1S99g906JrOmKRCmGb7sOQ2q,https://apps.serp.co/checkout/success?session_id={CHECKOUT_SESSION_ID},https://apps.serp.co/checkout?product=stockvault-downloader,https://store.serp.co/product-details/product/stockvault-downloader,https://apps.serp.co/stockvault-downloader,https://serp.ly/stockvault-downloader,Downloader;Creative Assets;Image Hosting,stockvault downloader
storyblocks-downloader,Storyblocks Downloader,draft,Storyblocks,One-time payment,$17.00,,Get it Now,price_1S99gA06JrOmKRCmt3y1AyVP,https://apps.serp.co/checkout/success?session_id={CHECKOUT_SESSION_ID},https://apps.serp.co/checkout?product=storyblocks-downloader,https://store.serp.co/product-details/product/storyblocks-downloader,https://apps.serp.co/storyblocks-downloader,https://serp.ly/storyblocks-downloader,Downloader;Creative Assets,storyblocks downloader
stream-downloader,Stream Downloader,draft,Stream,One-time payment,$17.00,,Get it Now,price_1S99gA06JrOmKRCmwsTNavsX,https://apps.serp.co/checkout/success?session_id={CHECKOUT_SESSION_ID},https://apps.serp.co/checkout?product=stream-downloader,https://store.serp.co/product-details/product/stream-downloader,https://apps.serp.co/stream-downloader,https://serp.ly/stream-downloader,Downloader;Livestream,stream downloader
stripchat-video-downloader,Stripchat Video Downloader,draft,Stripchat,One-time payment,$17.00,,Get it Now,price_1S99gB06JrOmKRCmEwvJ6CbW,https://apps.serp.co/checkout/success?session_id={CHECKOUT_SESSION_ID},https://apps.serp.co/checkout?product=stripchat-video-downloader,https://store.serp.co/product-details/product/stripchat-video-downloader,https://apps.serp.co/stripchat-video-downloader,https://serp.ly/stripchat-video-downloader,Downloader;Adult;Livestream,stripchat video downloader
teachable-video-downloader,Teachable Video Downloader,draft,Teachable,One-time payment,$17.00,,Get it Now,price_1S99gB06JrOmKRCmO2gulXc5,https://apps.serp.co/checkout/success?session_id={CHECKOUT_SESSION_ID},https://apps.serp.co/checkout?product=teachable-video-downloader,https://store.serp.co/product-details/product/teachable-video-downloader,https://apps.serp.co/teachable-video-downloader,https://serp.ly/teachable-video-downloader,Downloader;Course Platforms,teachable video downloader
telegram-video-downloader,Telegram Video Downloader,draft,Telegram,One-time payment,$17.00,,Get it Now,price_1S99gC06JrOmKRCm9XooPQNU,https://apps.serp.co/checkout/success?session_id={CHECKOUT_SESSION_ID},https://apps.serp.co/checkout?product=telegram-video-downloader,https://store.serp.co/product-details/product/telegram-video-downloader,https://apps.serp.co/telegram-video-downloader,https://serp.ly/telegram-video-downloader,Downloader;Social Media,telegram video downloader
terabox-downloader,Terabox Downloader,draft,Terabox,One-time payment,$17.00,,Get it Now,price_1S99gC06JrOmKRCmY3kTiBht,https://apps.serp.co/checkout/success?session_id={CHECKOUT_SESSION_ID},https://apps.serp.co/checkout?product=terabox-downloader,https://store.serp.co/product-details/product/terabox-downloader,https://apps.serp.co/terabox-downloader,https://serp.ly/terabox-downloader,Downloader;Image Hosting,terabox downloader
thinkific-downloader,Thinkific Downloader,draft,Thinkific,One-time payment,$17.00,,Get it Now,price_1S99gE06JrOmKRCmEfjsFume,https://apps.serp.co/checkout/success?session_id={CHECKOUT_SESSION_ID},https://apps.serp.co/checkout?product=thinkific-downloader,https://store.serp.co/product-details/product/thinkific-downloader,https://apps.serp.co/thinkific-downloader,https://serp.ly/thinkific-downloader,Downloader;Course Platforms,thinkific downloader
thumbnail-downloader,Thumbnail Downloader,draft,Thumbnail,One-time payment,$17.00,,Get it Now,price_1S99gE06JrOmKRCmHWXd57yx,https://apps.serp.co/checkout/success?session_id={CHECKOUT_SESSION_ID},https://apps.serp.co/checkout?product=thumbnail-downloader,https://store.serp.co/product-details/product/thumbnail-downloader,https://apps.serp.co/thumbnail-downloader,https://serp.ly/thumbnail-downloader,Downloader;Creative Assets,thumbnail downloader
tiktok-downloader,Tiktok Downloader,draft,Tiktok,One-time payment,$17.00,,Get it Now,price_1S99gF06JrOmKRCmcKeM0NSp,https://apps.serp.co/checkout/success?session_id={CHECKOUT_SESSION_ID},https://apps.serp.co/checkout?product=tiktok-downloader,https://store.serp.co/product-details/product/tiktok-downloader,https://apps.serp.co/tiktok-downloader,https://serp.ly/tiktok-downloader,Downloader;Social Media,tiktok downloader
tnaflix-video-downloader,TNAFlix Video Downloader,draft,TNAFlix,One-time payment,$17.00,,Get it Now,price_1S99gF06JrOmKRCmxPX1Ip5o,https://store.serp.co/product-details/product/tnaflix-video-downloader?checkout=success,https://store.serp.co/product-details/product/tnaflix-video-downloader,https://store.serp.co/product-details/product/tnaflix-video-downloader,https://apps.serp.co/tnaflix-video-downloader,https://serp.ly/tnaflix-video-downloader,Downloader;Adult,tnaflix video downloader
tubi-downloader,Tubi Downloader,draft,Tubi,One-time payment,$17.00,,Get it Now,price_1S99gG06JrOmKRCmmZOSX7ah,https://apps.serp.co/checkout/success?session_id={CHECKOUT_SESSION_ID},https://apps.serp.co/checkout?product=tubi-downloader,https://store.serp.co/product-details/product/tubi-downloader,https://apps.serp.co/tubi-downloader,https://serp.ly/tubi-downloader,Downloader;Movies & TV,tubi downloader
tumblr-video-downloader,Tumblr Video Downloader,draft,Tumblr,One-time payment,$17.00,,Get it Now,price_1S99gG06JrOmKRCmVRscTagt,https://apps.serp.co/checkout/success?session_id={CHECKOUT_SESSION_ID},https://apps.serp.co/checkout?product=tumblr-video-downloader,https://store.serp.co/product-details/product/tumblr-video-downloader,https://apps.serp.co/tumblr-video-downloader,https://serp.ly/tumblr-video-downloader,Downloader;Image Hosting;Social Media,tumblr video downloader
twitch-video-downloader,Twitch Video Downloader,draft,Twitch,One-time payment,$17.00,,Get it Now,price_1S99gH06JrOmKRCm3wdakg7Q,https://apps.serp.co/checkout/success?session_id={CHECKOUT_SESSION_ID},https://apps.serp.co/checkout?product=twitch-video-downloader,https://store.serp.co/product-details/product/twitch-video-downloader,https://apps.serp.co/twitch-video-downloader,https://serp.ly/twitch-video-downloader,Downloader;Livestream;Social Media,twitch video downloader
twitter-video-downloader,Twitter Video Downloader,draft,Twitter,One-time payment,$17.00,,Get it Now,price_1S99gH06JrOmKRCme009G5ob,https://apps.serp.co/checkout/success?session_id={CHECKOUT_SESSION_ID},https://apps.serp.co/checkout?product=twitter-video-downloader,https://store.serp.co/product-details/product/twitter-video-downloader,https://apps.serp.co/twitter-video-downloader,https://serp.ly/twitter-video-downloader,Downloader;Social Media,twitter video downloader
udemy-video-downloader,Udemy Video Downloader,draft,Udemy,One-time payment,$17.00,,Get it Now,price_1S99gH06JrOmKRCmSnepXJPa,https://apps.serp.co/checkout/success?session_id={CHECKOUT_SESSION_ID},https://apps.serp.co/checkout?product=udemy-video-downloader,https://store.serp.co/product-details/product/udemy-video-downloader,https://apps.serp.co/udemy-video-downloader,https://serp.ly/udemy-video-downloader,Downloader;Course Platforms,udemy video downloader
unsplash-downloader,Unsplash Downloader,draft,Unsplash,One-time payment,$17.00,,Get it Now,price_1S99gI06JrOmKRCmA9xUhbN6,https://apps.serp.co/checkout/success?session_id={CHECKOUT_SESSION_ID},https://apps.serp.co/checkout?product=unsplash-downloader,https://store.serp.co/product-details/product/unsplash-downloader,https://apps.serp.co/unsplash-downloader,https://serp.ly/unsplash-downloader,Downloader;Creative Assets;Image Hosting,unsplash downloader
vectorstock-downloader,Vectorstock Downloader,draft,Vectorstock,One-time payment,$17.00,,Get it Now,price_1S99gI06JrOmKRCmTvjSmEWB,https://apps.serp.co/checkout/success?session_id={CHECKOUT_SESSION_ID},https://apps.serp.co/checkout?product=vectorstock-downloader,https://store.serp.co/product-details/product/vectorstock-downloader,https://apps.serp.co/vectorstock-downloader,https://serp.ly/vectorstock-downloader,Downloader;Creative Assets,vectorstock downloader
vimeo-video-downloader,Vimeo Video Downloader,live,Vimeo,One-time payment,$17.00,Instant download â€¢ Lifetime updates,Get it Now,price_1S2fcZ06JrOmKRCmTwbmGNxm,https://apps.serp.co/checkout/success?session_id={CHECKOUT_SESSION_ID},https://apps.serp.co/checkout?product=vimeo-video-downloader,https://store.serp.co/product-details/product/vimeo-video-downloader,https://apps.serp.co/vimeo-video-downloader,https://serp.ly/vimeo-video-downloader,Downloader;Social Media,vimeo video downloader;download vimeo videos;how to download vimeo videos;download vimeo private video;download vimeo video from link;how to download transcript from vimeo;download embedded vimeo;how to download private vimeo video;how to cancel vimeo subscription;what is vimeo ott;how to make a video private on vimeo;how to watch vimeo on tv;how to embed vimeo video;how to upload a video to vimeo;how much does vimeo cost;how to make vimeo video downloadable;does vimeo have ads;how to delete a vimeo account;how to cancel vimeo;what is vimeo pro;how to change privacy settings on vimeo
vk-video-downloader,Vk Video Downloader,draft,Vk,One-time payment,$17.00,,Get it Now,price_1S99gJ06JrOmKRCmzNGM97WE,https://apps.serp.co/checkout/success?session_id={CHECKOUT_SESSION_ID},https://apps.serp.co/checkout?product=vk-video-downloader,https://store.serp.co/product-details/product/vk-video-downloader,https://apps.serp.co/vk-video-downloader,https://serp.ly/vk-video-downloader,Downloader;Social Media,vk video downloader
whop-video-downloader,Whop Video Downloader,draft,Whop,One-time payment,$17.00,,Get it Now,price_1S99gJ06JrOmKRCmkAYY713T,https://apps.serp.co/checkout/success?session_id={CHECKOUT_SESSION_ID},https://apps.serp.co/checkout?product=whop-video-downloader,https://store.serp.co/product-details/product/whop-video-downloader,https://apps.serp.co/whop-video-downloader,https://serp.ly/whop-video-downloader,Downloader;Course Platforms,whop video downloader
wistia-video-downloader,Wistia Video Downloader,draft,Wistia,One-time payment,$17.00,,Get it Now,price_1S99gJ06JrOmKRCmN3MovrlF,https://apps.serp.co/checkout/success?session_id={CHECKOUT_SESSION_ID},https://apps.serp.co/checkout?product=wistia-video-downloader,https://store.serp.co/product-details/product/wistia-video-downloader,https://apps.serp.co/wistia-video-downloader,https://serp.ly/wistia-video-downloader,Downloader,wistia video downloader
xhamster-video-downloader,Xhamster Video Downloader,draft,Xhamster,One-time payment,$17.00,,Get it Now,price_1RvXdF06JrOmKRCmSniyO7DT,https://store.serp.co/product-details/product/xhamster-video-downloader?checkout=success,https://store.serp.co/product-details/product/xhamster-video-downloader,https://store.serp.co/product-details/product/xhamster-video-downloader,https://apps.serp.co/xhamster-video-downloader,https://serp.ly/xhamster-video-downloader,Downloader;Adult,xhamster video downloader
xnxx-video-downloader,XNXX Video Downloader,draft,XNXX,One-time payment,$17.00,,Get it Now,price_1S9PBd06JrOmKRCmvSxzbjnz,https://apps.serp.co/checkout/success?session_id={CHECKOUT_SESSION_ID},https://apps.serp.co/checkout?product=xnxx-video-downloader,https://store.serp.co/product-details/product/xnxx-video-downloader,https://apps.serp.co/xnxx-video-downloader,https://serp.ly/xnxx-video-downloader,Downloader;Adult,xnxx video downloader
xvideos-downloader,XVideos Downloader,draft,XVideos,One-time payment,$17.00,,Get it Now,price_1S99gL06JrOmKRCmtPCthojb,https://apps.serp.co/checkout/success?session_id={CHECKOUT_SESSION_ID},https://apps.serp.co/checkout?product=xvideos-downloader,https://store.serp.co/product-details/product/xvideos-downloader,https://apps.serp.co/xvideos-downloader,https://serp.ly/xvideos-downloader,Downloader;Adult,xvideos downloader
youporn-video-downloader,Youporn Video Downloader,draft,Youporn,One-time payment,$17.00,,Get it Now,price_1RvXMm06JrOmKRCmEXZ7GsiQ,https://apps.serp.co/checkout/success?session_id={CHECKOUT_SESSION_ID},https://apps.serp.co/checkout?product=youporn-video-downloader,https://store.serp.co/product-details/product/youporn-video-downloader,https://apps.serp.co/youporn-video-downloader,https://serp.ly/youporn-video-downloader,Downloader;Adult,youporn video downloader
youtube-downloader,Youtube Downloader,draft,Youtube,One-time payment,$17.00,,Get it Now,price_1S99xB06JrOmKRCmCyZM0ENF,https://apps.serp.co/checkout/success?session_id={CHECKOUT_SESSION_ID},https://apps.serp.co/checkout?product=youtube-downloader,https://store.serp.co/product-details/product/youtube-downloader,https://apps.serp.co/youtube-downloader,https://serp.ly/youtube-downloader,Downloader;Social Media,youtube downloader
